{"cameraMode":{"drawMode":0,"name":"Shaded","section":"Shading Mode"},"sceneLighting":false,"audioPlay":false,"sceneViewState":{"showFog":true,"showMaterialUpdate":false,"showSkybox":false,"showFlares":true,"showImageEffects":true,"showParticleSystems":true},"in2DMode":false,"pivot":{"x":2.052617073059082,"y":0.11296941339969635,"z":3.25335693359375},"rotation":{"x":0.02699381858110428,"y":-0.014392485842108727,"z":0.00038914402830414474,"w":0.9995337724685669},"size":0.2903568148612976,"orthographic":true}