{"cameraMode":{"drawMode":0,"name":"Shaded","section":"Shading Mode"},"sceneLighting":false,"audioPlay":false,"sceneViewState":{"showFog":true,"showMaterialUpdate":false,"showSkybox":false,"showFlares":true,"showImageEffects":true,"showParticleSystems":true},"in2DMode":false,"pivot":{"x":-0.37802523374557497,"y":0.5135992765426636,"z":3.2680063247680666},"rotation":{"x":-0.2699199318885803,"y":0.0005750027485191822,"z":-0.00016109425632748753,"w":-0.9628838300704956},"size":1.526288390159607,"orthographic":false}