{"cameraMode":{"drawMode":0,"name":"Shaded","section":"Shading Mode"},"sceneLighting":false,"audioPlay":false,"sceneViewState":{"showFog":true,"showMaterialUpdate":false,"showSkybox":false,"showFlares":true,"showImageEffects":true,"showParticleSystems":true},"in2DMode":false,"pivot":{"x":-2.422715187072754,"y":1.2900457382202149,"z":6.67474889755249},"rotation":{"x":0.04937014728784561,"y":-0.06647160649299622,"z":0.0032929477747529747,"w":0.9965623021125794},"size":0.18313157558441163,"orthographic":false}