{"cameraMode":{"drawMode":0,"name":"Shaded","section":"Shading Mode"},"sceneLighting":false,"audioPlay":false,"sceneViewState":{"showFog":true,"showMaterialUpdate":false,"showSkybox":false,"showFlares":true,"showImageEffects":true,"showParticleSystems":true},"in2DMode":false,"pivot":{"x":4.263848304748535,"y":0.3318263292312622,"z":0.505526065826416},"rotation":{"x":-0.1188381165266037,"y":-0.6672732830047607,"z":0.10905387252569199,"w":-0.7271400094032288},"size":1.6710610389709473,"orthographic":false}