{"cameraMode":{"drawMode":0,"name":"Shaded","section":"Shading Mode"},"sceneLighting":false,"audioPlay":false,"sceneViewState":{"showFog":true,"showMaterialUpdate":false,"showSkybox":false,"showFlares":true,"showImageEffects":true,"showParticleSystems":true},"in2DMode":false,"pivot":{"x":0.0,"y":-0.004999999888241291,"z":-0.0009999996982514859},"rotation":{"x":0.1043877899646759,"y":0.7012739181518555,"z":-0.10486653447151184,"w":0.6974705457687378},"size":0.02789265289902687,"orthographic":false}