{"cameraMode":{"drawMode":0,"name":"Shaded","section":"Shading Mode"},"sceneLighting":false,"audioPlay":false,"sceneViewState":{"showFog":true,"showMaterialUpdate":false,"showSkybox":false,"showFlares":true,"showImageEffects":true,"showParticleSystems":true},"in2DMode":false,"pivot":{"x":6.648860931396484,"y":0.4463280439376831,"z":-3.9515380859375},"rotation":{"x":-0.10832148790359497,"y":0.8081847429275513,"z":-0.15710406005382539,"w":-0.5571984648704529},"size":0.5816750526428223,"orthographic":false}