{"cameraMode":{"drawMode":0,"name":"Shaded","section":"Shading Mode"},"sceneLighting":false,"audioPlay":false,"sceneViewState":{"showFog":true,"showMaterialUpdate":false,"showSkybox":false,"showFlares":true,"showImageEffects":true,"showParticleSystems":true},"in2DMode":false,"pivot":{"x":0.03580000251531601,"y":-0.059800006449222568,"z":0.98580002784729},"rotation":{"x":0.026991544291377069,"y":0.0200961921364069,"z":-0.0005268134991638362,"w":0.9994518756866455},"size":0.13272929191589356,"orthographic":false}