{"cameraMode":{"drawMode":0,"name":"Shaded","section":"Shading Mode"},"sceneLighting":false,"audioPlay":false,"sceneViewState":{"showFog":true,"showMaterialUpdate":false,"showSkybox":false,"showFlares":true,"showImageEffects":true,"showParticleSystems":true},"in2DMode":false,"pivot":{"x":-0.07733440399169922,"y":-0.12372728437185288,"z":-0.11295668035745621},"rotation":{"x":0.03254792094230652,"y":0.7551240921020508,"z":-0.03727612644433975,"w":0.6538729071617127},"size":0.5787532329559326,"orthographic":false}